{
    "name" : "TestCraft",
    "recommendedversion" : "0.1",
    "minecraftversion" : "1.6.4",
    
    "versions" : [
        {
            "name" : "0.1",
            "entries" : [
                {
                    "name" : "minecraftforge",
                    "version" : "9.11.1.965"
                },
                {
                    "name" : "thermalexpansion",
                    "version" : "3.0.0.7"
                },
                {
                    "name" : "redstonearsenal",
                    "version" : "1.0.0.0"
                },
                {
                    "name" : "buildcraft",
                    "version" : "4.2.2"
                }
            ]
        }
    ]
}