{
    "name" : "minecraftforge",
    "version" : "9.11.1.965",
    "author" : "The Forge Dev Team",
    "website" : "http://www.minecraftforge.net/forum/",
    
    "minecraftversion" : "1.6.4",
    
    "files" : [
        {
            "name" : "minecraftforge-9.11.1.965.zip",
            "action" : "extract-zip",
            "target" : "/"
        }
    ],
    
    "settings" : [
        
        { "name" : "launch.MainClassArgument", "value" : "net.minecraft.launchwrapper.Launch" },
        { "name" : "launch.UseTweakClassArgument", "value" : "true" },
        { "name" : "launch.TweakClassArgument", "value" : "cpw.mods.fml.common.launcher.FMLTweaker" }
        
    ]
}