{
    "name" : "moddleassets",
    "version" : "0.2",
    "author" : "Moddle Dev Team",
    "website" : "none",
    
    "minecraftversion" : "any",
    
    "files" : [
        {
            "name" : "icon_16x16.png",
            "action" : "copy-file",
            "target" : "/assets/icons/icon_16x16.png",
            "url" : "none"
        },
        {
            "name" : "icon_32x32.png",
            "action" : "copy-file",
            "target" : "/assets/icons/icon_32x32.png",
            "url" : "none"
        }
    ],
    
    "settings" : [ ],
    
    "dependencies" : [ ],
    
    "exclusions" : [ ]
}