{
    "name" : "buildcraft",
    "version" : "4.2.2",
    "author" : "The BuildCraft Dev Team",
    "website" : "http://www.mod-buildcraft.com/",
    
    "minecraftversion" : "1.6.4",
    
    "files" : [
        {
            "name" : "buildcraft-4.2.2.jar",
            "action" : "copy-file",
            "target" : "/mods/buildcraft-4.2.2.jar",
            "url" : "http://www.mod-buildcraft.com/releases/BuildCraft/4.2.2/buildcraft-A-1.6.4-4.2.2.jar"
        }
    ],
    
    "settings" : [ ],
    
    "dependencies" : [ ],
    
    "exclusions" : [ ]
}