{
    "name" : "thermalexpansion",
    "version" : "3.0.0.5",
    "author" : "Team CoFH",
    "website" : "http://www.teamcofh.com/",
    
    "files" : [
        {
            "name" : "thermalexpansion-3.0.0.5.jar",
            "action" : "copy-file",
            "target" : "/mods/thermalexpansion-3.0.0.5.jar",
            "url" : "http://www.curseforge.com/media/files/785/606/ThermalExpansion-3.0.0.5.jar"
        },
        {
            "name" : "ThermalExpansion-Florbs.cfg",
            "action" : "copy-config",
            "target" : "/config/cofh/ThermalExpansion-Florbs.cfg"
        },
        {
            "name" : "ThermalExpansion-Fuels.cfg",
            "action" : "copy-config",
            "target" : "/config/cofh/ThermalExpansion-Fuels.cfg"
        },
        {
            "name" : "ThermalExpansion.cfg",
            "action" : "copy-config",
            "target" : "/config/cofh/ThermalExpansion.cfg"
        }
    ],
    
    "settings" : [ ],
    
    "dependencies" : [
        {
            "name" : "cofhcore", "version" : "2.0.0.5"
        }
    ],
    
    "exclusions" : [ ]
}