{
    "name" : "cofhcore",
    "version" : "2.0.0.5",
    "author" : "Team CoFH",
    "website" : "http://www.teamcofh.com/",
    
    "files" : [
        {
            "name" : "cofhcore-2.0.0.5.jar",
            "action" : "copy-file",
            "target" : "/mods/cofhcore-2.0.0.5.jar",
            "url" : "http://www.curseforge.com/media/files/785/608/CoFHCore-2.0.0.5.jar"
        },
        {
            "name" : "CoFHCore.cfg",
            "action" : "copy-config",
            "target" : "/config/cofh/CoFHCore.cfg"
        },
        {
            "name" : "CoFHLoot.cfg",
            "action" : "copy-config",
            "target" : "/config/cofh/CoFHLoot.cfg"
        },
        {
            "name" : "CoFHMasquerade.cfg",
            "action" : "copy-config",
            "target" : "/config/cofh/CoFHMasquerade.cfg"
        },
        {
            "name" : "CoFHWorld-Generation.cfg",
            "action" : "copy-config",
            "target" : "/config/cofh/CoFHWorld-Generation.cfg"
        },
        {
            "name" : "CoFHWorld.cfg",
            "action" : "copy-config",
            "target" : "/config/cofh/CoFHWorld.cfg"
        }
    ],
    
    "settings" : [ ],
    
    "dependencies" : [ ],
    
    "exclusions" : [ ]
}