{
    "name" : "cofhcore",
    "version" : "2.0.0.5",
    "author" : "Team CoFH",
    "website" : "http://www.teamcofh.com/",
    
    "files" : [
        {
            "name" : "cofhcore-2.0.0.5.jar",
            "action" : "copy-file",
            "target" : "/mods/cofhcore-2.0.0.5.jar",
            "url" : "http://www.curseforge.com/media/files/785/608/CoFHCore-2.0.0.5.jar"
        }
    ],
    
    "settings" : [ ],
    
    "dependencies" : [ ],
    
    "exclusions" : [ ]
}