{
    "name" : "minecraft",
    "version" : "1.6.4",
    "author" : "Various",
    "website" : "None",
    
    "files" : [
        {
            "name" : "minecraft-1.6.4.zip",
            "action" : "extract-zip",
            "target" : "/"
        }
    ],
    
    "settings" : [
        
        { "name" : "MinecraftVersion", "value" : "1.6.4" },
        
        { "name" : "UseDJavaLibPathArgument", "value" : "true" },
        { "name" : "DJavaLibPathArgument", "value" : "{AppDataDirectory}/.minecraft/versions/{MinecraftVersion}/{MinecraftVersion}-natives" },
        { "name" : "UseClassPathArgument", "value" : "true" },
        { "name" : "GetLibraryClassPaths", "value" : "true" },
        { "name" : "GetMinecraftClassPath", "value" : "true" },
        { "name" : "UseMainClassArgument", "value" : "true" },
        { "name" : "MainClassArgument", "value" : "net.minecraft.client.main.Main" },
        
        { "name" : "UseGameDirArgument", "value" : "true" },
        { "name" : "GameDirArgument", "value" : "{AppDataDirectory}/.minecraft" },
        { "name" : "UseAssetDirArgument", "value" : "true" },
        { "name" : "AssetDirArgument", "value" : "{AppDataDirectory}/.minecraft/assets" },
        { "name" : "UseVersionArgument", "value" : "true" },
        { "name" : "VersionArgument", "value" : "{MinecraftVersion}" },
        { "name" : "UseUsernameArgument", "value" : "true" },
        { "name" : "UseSessionArgument", "value" : "true" }
        
    ]
    
}