{
    "name" : "redstonearsenal",
    "version" : "1.0.0.0",
    "author" : "Team CoFH",
    "website" : "http://www.teamcofh.com/",
    
    "minecraftversion" : "1.6.4",
    
    "files" : [
        {
            "name" : "redstonearsenal-1.0.0.0.jar",
            "action" : "copy-file",
            "target" : "/mods/redstonearsenal-1.0.0.0.jar",
            "url" : "http://minecraft.curseforge.com/mc-mods/70631-redstone-arsenal/files/762740/download"
        },
        {
            "name" : "RedstoneArsenal.cfg",
            "action" : "copy-config",
            "target" : "/config/cofh/RedstoneArsenal.cfg"
        }
    ],
    
    "settings" : [ ],
    
    "dependencies" : [
        {
            "name" : "thermalexpansion", "version" : "3.0.0.5"
        }
    ],
    
    "exclusions" : [ ]
}